PatientID,Name,Age,Gender,BMI,Glucose,BloodPressure,Insulin,Pregnancies,Smoker,Diagnosis,DiabetesRisk
1,Patient 1,43,Female,25.8,83.0,74.0,140.0,3,No,Healthy,0
2,Patient 2,25,Male,23.5,104.0,87.0,85.0,0,No,Healthy,0
3,Patient 3,39,Female,25.2,110.0,82.0,61.0,1,No,Healthy,0
4,Patient 4,18,Male,34.8,95.0,88.0,94.0,0,No,Diabetes,1
5,Patient 5,58,Female,36.2,110.0,73.0,62.0,1,No,Diabetes,1
6,Patient 6,39,Female,31.0,75.0,76.0,108.0,2,No,Healthy,0
7,Patient 7,34,Female,30.3,118.0,64.0,81.0,1,Yes,Healthy,0
8,Patient 8,58,Female,31.1,70.0,74.0,138.0,2,Yes,Diabetes,1
9,Patient 9,23,Male,26.9,113.0,85.0,102.0,0,No,Healthy,0
10,Patient 10,51,Female,26.5,138.0,74.0,53.0,4,No,Diabetes,1
11,Patient 11,18,Male,23.0,149.0,84.0,106.0,0,No,Diabetes,1
12,Patient 12,35,Female,26.7,166.0,71.0,119.0,3,No,Diabetes,1
13,Patient 13,28,Male,40.6,74.0,71.0,59.0,0,No,Diabetes,1
14,Patient 14,63,Female,32.2,139.0,78.0,65.0,1,Yes,Diabetes,1
15,Patient 15,67,Male,24.9,152.0,76.0,10.0,0,No,Diabetes,1
16,Patient 16,40,Male,24.2,145.0,85.0,118.0,0,No,Diabetes,1
17,Patient 17,55,Male,21.8,92.0,80.0,58.0,0,No,Diabetes,1
18,Patient 18,42,Male,29.2,130.0,99.0,10.0,0,Yes,Healthy,0
19,Patient 19,51,Female,29.3,170.0,75.0,11.0,0,No,Diabetes,1
20,Patient 20,34,Male,18.3,76.0,75.0,73.0,0,Yes,Healthy,0
21,Patient 21,22,Male,29.9,131.0,66.0,112.0,0,No,Diabetes,1
22,Patient 22,21,Male,23.6,149.0,78.0,78.0,0,No,Diabetes,1
23,Patient 23,49,Female,35.6,98.0,86.0,101.0,2,No,Diabetes,1
24,Patient 24,73,Female,27.9,134.0,69.0,38.0,2,No,Diabetes,1
25,Patient 25,48,Male,37.3,88.0,77.0,28.0,0,Yes,Diabetes,1
26,Patient 26,37,Male,24.3,95.0,87.0,117.0,0,No,Diabetes,1
27,Patient 27,69,Female,25.3,95.0,76.0,102.0,1,No,Diabetes,1
28,Patient 28,47,Female,28.8,123.0,72.0,81.0,2,No,Healthy,0
29,Patient 29,45,Male,33.3,115.0,90.0,133.0,0,Yes,Diabetes,1
30,Patient 30,47,Male,30.4,145.0,79.0,44.0,0,No,Diabetes,1
31,Patient 31,42,Female,19.6,92.0,83.0,65.0,6,No,Healthy,0
32,Patient 32,40,Male,28.1,114.0,92.0,123.0,0,Yes,Healthy,0
33,Patient 33,25,Male,27.1,145.0,92.0,156.0,0,No,Diabetes,1
34,Patient 34,51,Female,24.4,134.0,74.0,82.0,1,No,Diabetes,1
35,Patient 35,43,Female,23.1,81.0,72.0,149.0,1,No,Healthy,0
36,Patient 36,60,Male,37.5,137.0,81.0,58.0,0,No,Diabetes,1
37,Patient 37,39,Male,24.7,105.0,76.0,95.0,0,No,Diabetes,1
38,Patient 38,19,Female,21.9,129.0,55.0,75.0,4,Yes,Healthy,0
39,Patient 39,43,Female,30.8,126.0,93.0,18.0,3,No,Diabetes,1
40,Patient 40,66,Male,27.8,152.0,78.0,92.0,0,No,Diabetes,1
41,Patient 41,39,Female,26.5,121.0,87.0,119.0,0,Yes,Healthy,0
42,Patient 42,32,Female,31.7,70.0,64.0,76.0,0,No,Healthy,0
43,Patient 43,28,Male,29.9,80.0,93.0,79.0,0,Yes,Healthy,0
44,Patient 44,30,Male,29.2,138.0,71.0,138.0,0,Yes,Diabetes,1
45,Patient 45,40,Male,32.8,111.0,77.0,32.0,0,No,Diabetes,1
46,Patient 46,29,Female,28.7,150.0,61.0,22.0,0,No,Diabetes,1
47,Patient 47,63,Male,23.3,126.0,76.0,56.0,0,No,Diabetes,1
48,Patient 48,40,Male,24.8,97.0,75.0,34.0,0,No,Healthy,0
49,Patient 49,45,Male,23.9,148.0,76.0,136.0,0,No,Diabetes,1
50,Patient 50,63,Male,28.3,95.0,83.0,94.0,0,No,Diabetes,1
51,Patient 51,64,Female,20.5,70.0,79.0,47.0,1,No,Diabetes,1
52,Patient 52,41,Female,16.0,176.0,90.0,57.0,3,No,Diabetes,1
53,Patient 53,48,Female,27.5,70.0,72.0,196.0,1,No,Healthy,0
54,Patient 54,54,Female,19.0,136.0,66.0,58.0,2,Yes,Diabetes,1
55,Patient 55,41,Male,16.0,144.0,78.0,52.0,0,No,Diabetes,1
56,Patient 56,21,Female,29.2,122.0,86.0,94.0,2,No,Healthy,0
57,Patient 57,53,Male,22.7,71.0,93.0,108.0,0,Yes,Diabetes,1
58,Patient 58,56,Female,30.0,146.0,88.0,91.0,3,No,Diabetes,1
59,Patient 59,49,Male,23.8,78.0,57.0,46.0,0,Yes,Healthy,0
60,Patient 60,32,Male,20.3,80.0,83.0,36.0,0,No,Healthy,0
